Polarization,TO_cm^-1,LO_cm^-1
0°,722.915855,1100.346161
45°,675.661726,1096.609227
90°,678.193197,1085.639519
