Polarization,eps_inf,S,nu_TO,gamma
0deg,2.987535167923312,2013009.67438032,720.9944533343582,7.604598175735881
90deg,3.1009370454906806,2215075.639074051,676.0753962164011,7.447634880380121
